61.5,-142.9,,
55.1872,-132.7982,,
55.2035,-132.8202,,
62.9375,-141.5667,,
61.0595,-149.7853,,
62.77335,-141.3165,,
64.89139,-147.8142,,
61.96802,-145.3427,,
32.31435,-85.16235,,
33.28375,-87.32655,,
34.95605,-86.4559,,
34.5422,-86.66465,,
34.9263,-87.02025,,
34.80405,-87.50905,,
34.92855,-87.1105,,
33.13195,-88.17885,,
31.4515,-88.08305,,
33.97575,-87.45876,,
31.58255,-87.96095,,
34.4881,-86.6333,,
34.6802,-87.00665,,
31.16,-87.09069,,
33.13,-88.14999,,
33.21145,-87.35664,,
33.26035,-87.31821,,
34.7325,-86.52105,,
32.6218,-85.4258,,
33.3674,-86.64066,,
33.6205,-86.4664,,
33.8132,-86.7891,,
32.30673,-87.24547,,
31.00002,-86.99782,,
32.43,-85.705,,
33.35,-85.625,,
34.27607,-86.17524,,
33.59,-86.5,,
32.184,-86.581,,
33.36305,-86.17122,,
34.71139,-86.6575,,
30.7113,-87.91833,,
32.76967,-86.4891,,
31.86801,-85.35995,,
33.8957,-87.53395,,
33.8957,-87.53395,,
34.70112,-87.77686,,
31.13586,-87.06486,,
31.34781,-86.54527,,
33.41574,-88.12475,,
31.25385,-88.26291,,
33.82162,-85.48985,,
34.32279,-86.5045,,
34.47091,-86.56954,,
34.29511,-86.88621,,
32.48322,-86.37698,,
33.55153,-86.98473,,
32.91874,-85.9793,,
33.37095,-87.6942,,
31.651,-85.19265,,
34.00806,-86.96416,,
34.14117,-85.22781,,
31.23374,-85.21574,,
31.53475,-85.7944,,
33.89833,-86.84557,,
31.24305,-88.31126,,
33.64341,-85.41961,,
33.65175,-85.52335,,
34.55056,-92.34083,,
36.19444,-92.38222,,
36.33528,-92.385,,
34.08,-93,,
34.25,-93.1,,
33.76986,-94.3643,,
34.787,-91.735,,
36.12083,-90.51056,,
33.82111,-92.03389,,
35.9975,-93.83426,,
35.42097,-93.15208,,
33.88861,-93.20389,,
33.26666,-93.886,,
36.19791,-91.1125,,
34.56444,-92.58667,,
36.37111,-91.87,,
36.20611,-94.23417,,
34.70694,-94.45417,,
36.18333,-94.44694,,
35.64861,-91.45889,,
36.34167,-93.94583,,
34.88111,-91.08056,,
35.27833,-93.13361,,
33.18639,-93.9475,,
34.53167,-92.40778,,
35.09306,-94.356,,
33.7985,-91.27056,,
36.41,-93.74,,
35.44944,-91.51306,,
33.14663,-92.61493,,
34.87,-92.12,,
36.31519,-93.75723,,
33.26462,-92.64066,,
34.285,-93.162,,
35.34572,-93.75313,,
35.0194,-90.32,,
34.369,-94.3745,,
34.44652,-93.07654,,
33.14759,-93.89135,,
35.36335,-94.229,,
36.29871,-92.63179,,
34.73147,-92.75093,,
33.26855,-91.22115,,
33.33171,-93.98622,,
36.14065,-92.52505,,
36.33205,-91.52025,,
34.86535,-92.3575,,
36.38605,-92.30614,,
35.703,-91.46231,,
35.34737,-91.60007,,
36.37399,-92.27071,,
35.255,-91.50301,,
34.4125,-94.1125,,
34.85324,-92.25454,,
34.20873,-92.57542,,
34.92336,-92.30519,,
35.738,-90.1355,,
35.186,-93.206,,
36.042,-93.1545,,
36.3025,-93.448,,
33.66554,-93.56799,,
34.17376,-91.07266,,
33.387,-94.036,,
31.99003,-110.1835,,
34.90831,-110.8403,,
36.09081,-109.4276,,
34.4,-111.5,,
33.6247,-109.3191,,
36.54165,-109.29,,
35.656,-111.938,,
34.325,-109.64,,
32.815,-109.675,,
34.6,-109.44,,
33.85,-111.69,,
33.99989,-110.4298,,
33.3785,-112.6432,,
34.28939,-111.1367,,
35.241,-111.8634,,
34.1,-110.165,,
34.55154,-112.5421,,
34,-110,,
32.95,-112.73,,
34.285,-110.11,,
35.175,-109.25,,
37.35944,-119.6436,,
38.93333,-119.9833,,
38.9575,-120.0914,,
40.80222,-124.1625,,
38.28085,-119.836,,
40.33556,-121.9139,,
37.23389,-119.2119,,
38.17677,-119.9065,,
41.41,-120.6781,,
38.93,-120.205,,
38.93333,-119.9833,,
38.86,-120.1358,,
37.35861,-118.9975,,
38.06615,-120.1877,,
36.10222,-118.8489,,
38.19753,-119.9811,,
41.45833,-122.4306,,
41.42806,-122.3839,,
38.04806,-119.2642,,
40.63556,-122.7325,,
38.03898,-120.2339,,
36.05278,-118.1303,,
38.26661,-119.8633,,
41.82417,-122.9958,,
38.25583,-122.5833,,
39.21278,-120.8908,,
37.91111,-119.2569,,
33.2675,-116.8625,,
41.21361,-122.2703,,
39.3225,-120.2653,,
40.92911,-121.6156,,
39.68833,-123.4817,,
38.85556,-120.0133,,
38.93333,-119.9833,,
40.26639,-123.8692,,
40.26639,-123.8692,,
36.2485,-121.495,,
40.8875,-122.3775,,
39.92778,-122.1781,,
39.26361,-121.0161,,
39.68833,-123.4817,,
39.22361,-123.7675,,
37.5703,-118.972,,
38.72139,-120.5836,,
39.205,-121.58,,
40.465,-124,,
37.23389,-119.2119,,
36.0438,-118.7402,,
39.31917,-120.3275,,
38.0312,-120.2434,,
37,-121.7,,
40.75,-122.1667,,
40.85,-123.55,,
38.90333,-120.6033,,
36.7818,-120.201,,
40.7974,-122.278,,
35.5565,-121.2919,,
36.3779,-121.7146,,
41.75,-123.35,,
38.3068,-119.5483,,
39.25396,-121.0517,,
41.65,-123.85,,
40.7485,-123.2718,,
41.75,-123.35,,
37.39555,-121.4871,,
39.50435,-120.3784,,
40.6789,-122.8055,,
38.86165,-120.2201,,
37.58325,-118.9166,,
41.21385,-124.0687,,
40.7333,-122.6667,,
38.4906,-121.7138,,
41.8333,-123.1668,,
34.6167,-118.4333,,
41.28996,-123.056,,
39.83929,-123.2393,,
37.9333,-119,,
39.51489,-123.3899,,
38.33115,-119.7853,,
34.625,-119.2916,,
33.95002,-116.5333,,
36.70835,-118.375,,
37.475,-121.07,,
38.83996,-123.0585,,
36.79165,-118.125,,
34.73389,-119.9254,,
41.98645,-123.1749,,
38.79998,-120.2083,,
39.705,-121.18,,
34.76666,-118.5834,,
41.65925,-123.4498,,
35.665,-120.55,,
38.25,-121,,
41.845,-122.575,,
38.51665,-119.6234,,
34.28665,-117.3395,,
36.77763,-118.9604,,
37.62124,-121.7587,,
41.89288,-123.7879,,
40.64289,-121.8214,,
40.03728,-120.9851,,
38.21877,-120.0124,,
37.22716,-118.6271,,
50.4023,-114.4419,,
50.0865,-114.2347,,
55.26332,-114.3957,,
53.62819,-114.1397,,
52.51666,-115.8742,,
56.12543,-117.1638,,
53.92005,-113.0987,,
50.03888,-110.6488,,
49.01115,-114.0243,,
54.36361,-119.4058,,
50.84333,-116.0426,,
49.3402,-121.3177,,
53.08,-119.665,,
56.3321,-121.3324,,
50.80041,-122.1751,,
59.61,-123.12,,
49.94374,-123.2054,,
49.54,-123.94,,
53.59444,-120.4736,,
54.23708,-122.0064,,
49.62125,-121.3976,,
49.09555,-119.8664,,
49.4068,-122.1171,,
49.175,-121.525,,
49.24,-121.94,,
49.28569,-117.8504,,
51.05747,-118.398,,
48.83319,-124.2872,,
48.56704,-123.6171,,
49.26528,-125.3675,,
49.0922,-122.6089,,
49.73385,-119.8076,,
50.29765,-115.5743,,
48.35765,-123.3647,,
50.58304,-118.188,,
50.8604,-127.735,,
49.4085,-124.6929,,
49.41289,-116.5133,,
49.20805,-117.9636,,
49.40372,-121.8461,,
56.03458,-129.1523,,
49.89706,-117.3797,,
50.25,-98.03333,,
50.5697,-96.17149,,
52.9884,-99.11815,,
54.245,-97.595,,
50.91725,-100.9129,,
53.99,-101.274,,
45.6746,-67.05334,,
45.98335,-64.4627,,
43.2114,-79.5985,,
45.01904,-79.1338,,
44.86073,-79.76308,,
49.16669,-81.00553,,
51.03445,-93.88194,,
43.62427,-80.60942,,
48.03027,-79.94618,,
44.53995,-75.63184,,
48.36266,-92.04907,,
49.40276,-94.02934,,
48.60385,-93.47855,,
52.6752,-94.5176,,
48.51035,-79.81129,,
44.61615,-76.4198,,
44.15255,-80.02915,,
44.30352,-80.66389,,
60.36933,-134.4837,,
60.69976,-135.1155,,
37.57915,-105.4979,,
39.67095,-105.8199,,
39.1084,-107.0153,,
40.79166,-105.9583,,
38.8922,-105.1058,,
39.21338,-105.0652,,
38.49833,-107.8833,,
37.30833,-106.4917,,
37.32255,-106.5123,,
39.42923,-104.9677,,
39.6632,-106.8085,,
38.8993,-104.9743,,
38.54166,-104.9908,,
39.18975,-106.4269,,
39.26944,-106.3833,,
40.57499,-105.3646,,
40.45418,-108.5417,,
37.75417,-107.7667,,
38.753,-105.1598,,
40.54167,-105.9333,,
39.24998,-106.2583,,
37.4625,-108.2083,,
38.4,-105.1167,,
38.6691,-104.8604,,
39.25,-106.3,,
39.32385,-106.2275,,
39.3375,-107.0671,,
40.4521,-106.6535,,
38.9006,-104.9917,,
37.5969,-105.4826,,
39.11636,-105.2155,,
37.025,-106.8583,,
37.09263,-104.3786,,
38.59998,-106.6417,,
39.0917,-106.4417,,
39.45824,-106.625,,
39.31667,-105.3542,,
38.875,-107.7084,,
38.826,-105.1146,,
40.00817,-105.298,,
39.0465,-105.2146,,
37.33925,-108.3364,,
39.16305,-107.9514,,
38.0654,-105.1137,,
40.17585,-105.3792,,
38.5859,-104.9426,,
39.7198,-106.1666,,
37.83905,-107.7247,,
38.716,-104.875,,
39.39565,-105.7854,,
39.1006,-106.5445,,
40.84707,-105.6385,,
37.37285,-106.496,,
38.83714,-106.199,,
37.70338,-107.7015,,
39.40589,-105.475,,
39.37357,-107.0596,,
39.80777,-106.3023,,
39.35503,-105.2527,,
39.52701,-105.4147,,
39.41087,-106.1444,,
41.36935,-73.1512,,
41.49472,-73.36136,,
41.42178,-72.85863,,
41.38622,-72.60558,,
41.59272,-71.90106,,
30.98555,-85.6489,,
30.6645,-84.60745,,
26.5931,-80.21295,,
27.0047,-82.0332,,
30.2333,-81.52915,,
28.3725,-80.8595,,
26.27395,-80.1937,,
26.08285,-80.21025,,
30.05705,-81.75165,,
26.15915,-81.76041,,
26.06885,-80.8368,,
25.91695,-81.29691,,
29.6699,-82.98365,,
28.50665,-82.50591,,
30.8724,-85.217,,
29.10635,-81.62275,,
29.0599,-82.05835,,
29.1951,-81.90875,,
29.19395,-81.9233,,
30.51295,-86.5065,,
28.3609,-80.93504,,
27.97255,-81.12476,,
28.1382,-81.0621,,
27.99245,-81.19445,,
28.3836,-82.6053,,
28.85025,-80.93919,,
30.84015,-86.9648,,
29.85375,-81.3456,,
29.7351,-81.96195,,
26.59885,-81.8708,,
27.7068,-82.45165,,
28.6901,-81.5446,,
29.4179,-82.55556,,
29.77535,-82.3657,,
29.47035,-81.1273,,
26.01535,-81.0651,,
29.77295,-81.68295,,
27.0099,-80.13215,,
30.4836,-84.20835,,
30.9905,-87.1814,,
30.7599,-85.76891,,
28.5716,-82.52655,,
25.8972,-81.3065,,
27.3973,-80.8044,,
29.98085,-81.80005,,
30.4544,-81.4189,,
30.56775,-86.6913,,
30.4664,-85.6316,,
29.07655,-81.9055,,
30.9854,-85.95136,,
29.591,-82.929,,
27.28518,-82.46557,,
26.61979,-80.60976,,
28.00845,-81.93871,,
27.099,-82.454,,
27.89469,-81.9742,,
29.098,-82.42,,
28.043,-82.438,,
30.587,-84.583,,
25.927,-81.33,,
27.37341,-81.35876,,
28.775,-81.6965,,
30.069,-81.771,,
29.191,-82.6505,,
25.141,-80.926,,
28.252,-82.44749,,
26.0079,-81.22285,,
30.3125,-82.879,,
30.2809,-81.83705,,
30.05287,-81.82794,,
29.1039,-82.3722,,
30.10139,-81.88324,,
30.03432,-81.90216,,
28.78028,-81.90477,,
30.23693,-81.54172,,
30.10386,-81.89565,,
30.11584,-81.94118,,
25.51665,-80.43689,,
29.43465,-81.80878,,
29.3143,-81.7268,,
29.93629,-85.3948,,
28.86151,-81.7757,,
27.7752,-81.9755,,
30.10851,-81.89905,,
25.95574,-81.48598,,
28.19899,-82.76431,,
28.14617,-82.24487,,
28.29425,-82.71758,,
28.44926,-81.95577,,
29.58358,-82.33316,,
29.47368,-82.6783,,
30.08748,-81.85762,,
28.44926,-81.95577,,
28.50566,-81.97483,,
29.94011,-81.91354,,
29.39384,-82.44225,,
30.6966,-86.7513,,
28.93312,-80.84301,,
28.78812,-82.40295,,
28.31193,-80.7217,,
29.36953,-81.86789,,
28.48899,-80.84716,,
26.80829,-80.16933,,
29.83863,-81.2299,,
30.71362,-85.20786,,
29.28971,-81.52609,,
28.85982,-81.48534,,
27.78042,-80.55011,,
28.54205,-81.20045,,
29.16722,-82.01917,,
28.20954,-80.83882,,
29.05872,-81.4819,,
26.85451,-81.71583,,
29.49577,-81.74579,,
25.39544,-80.59502,,
25.76119,-80.58182,,
28.99496,-81.59869,,
28.62323,-81.12898,,
26.67822,-81.81697,,
30.71004,-82.0443,,
29.33246,-81.12292,,
30.54079,-84.91096,,
30.40785,-83.96767,,
29.42016,-82.82335,,
27.66726,-82.43094,,
29.97917,-81.85223,,
29.67757,-82.35501,,
29.1795,-82.0435,,
28.14162,-82.3948,,
26.05091,-80.29457,,
26.9745,-82.1475,,
27.19995,-81.98468,,
28.09538,-82.74918,,
25.54494,-80.47805,,
30.37369,-83.1736,,
29.00086,-81.64167,,
29.23723,-83.00198,,
27.35273,-82.22301,,
28.42146,-81.23721,,
29.27043,-81.69337,,
30.71482,-86.63961,,
30.6098,-86.4945,,
27.00061,-82.39019,,
27.01091,-80.10344,,
33.26885,-85.12705,,
34,-85,,
34.28745,-84.59345,,
33.3646,-82.24471,,
34.6423,-83.4192,,
32.0538,-85.0409,,
31.8792,-81.88475,,
34.70435,-84.2269,,
30.67,-83.412,,
31.82345,-81.73075,,
33.70037,-84.53352,,
33.5388,-84.869,,
34.672,-83.714,,
31.08925,-81.41267,,
32.38575,-82.24886,,
34.68319,-83.69085,,
33.32442,-84.2532,,
34.74775,-83.48067,,
31.2439,-82.1341,,
31.24842,-83.13654,,
33.48295,-84.7681,,
32.0391,-81.436,,
33.80785,-84.78979,,
33.81029,-84.97515,,
31.43265,-84.1293,,
34.1318,-84.73846,,
34.48287,-84.5136,,
34.42654,-85.31646,,
34.64145,-83.80404,,
34.39965,-84.383,,
31.17384,-83.26071,,
34.8155,-84.58501,,
34.06705,-82.86789,,
34.31955,-84.48006,,
33.49565,-84.5317,,
33.2706,-84.73555,,
30.83105,-82.6386,,
31.46641,-81.64665,,
34.8243,-84.72352,,
31.18562,-83.66153,,
32.86288,-83.55708,,
31.9853,-81.61756,,
34.7673,-83.77811,,
34.84161,-83.94456,,
34.17521,-85.18678,,
32.96854,-85.02602,,
33.34677,-83.90588,,
32.2462,-84.08932,,
31.35289,-83.08486,,
33.46372,-83.61285,,
34.36153,-83.87177,,
34.03528,-84.83903,,
34.05198,-85.16238,,
34.66467,-83.71705,,
33.94979,-84.82338,,
33.81871,-85.10207,,
32.30676,-83.16122,,
34.8804,-83.31311,,
31.08012,-83.16414,,
33.37111,-84.508,,
32.5754,-81.78378,,
34.72292,-85.54543,,
41.3675,-92.9008,,
42.47806,-93.82007,,
41.59377,-93.974,,
43.078,-91.3867,,
42.8674,-94.356,,
40.995,-91.75205,,
41.62183,-93.63804,,
42.50817,-96.40213,,
40.59604,-93.77783,,
43.17215,-92.76577,,
42.72063,-94.22206,,
42.0152,-94.3677,,
42.73854,-93.22192,,
42.28422,-91.68192,,
40.8348,-93.85965,,
41.461,-94.045,,
42.4104,-90.66615,,
41.47445,-91.74585,,
42.55997,-90.76557,,
42.03477,-93.92304,,
42.33531,-90.93558,,
41.52387,-93.4371,,
42.5149,-111.1241,,
47.95614,-116.7787,,
45.08334,-115.75,,
44.91666,-116.0833,,
44.85,-116.4,,
42.79166,-116.25,,
48.43443,-116.667,,
45.9978,-116.9156,,
44.75,-115.9167,,
44.25028,-114.7503,,
44.41666,-115.5833,,
45.08334,-115.75,,
47.70965,-116.9266,,
48.1143,-116.0558,,
44.0925,-112.455,,
44.58335,-116.0834,,
46.8102,-116.8368,,
43.4082,-114.8281,,
43.41005,-111.7899,,
48.255,-116.1475,,
42.21834,-114.2634,,
46.94,-115.586,,
47.509,-115.9965,,
48.6334,-116.934,,
48.49805,-116.4171,,
42.5149,-111.1241,,
44.28265,-115.8714,,
46.19614,-141.006,,
44.41131,-112.2873,,
48.1964,-116.99,,
46.97822,-116.923,,
44.95277,-116.0542,,
48.45359,-116.6339,,
47.02242,-116.0518,,
44.66862,-116.1155,,
44.0555,-112.9954,,
47.61893,-116.2617,,
39.2949,-90.608,,
38.98,-89.136,,
37.34339,-88.71672,,
40.4664,-91.0007,,
40.8139,-91.0863,,
41.30412,-89.9595,,
41.7798,-89.689,,
39.06,-89.558,,
38.92241,-90.16171,,
40.5332,-90.0594,,
38.68707,-89.09732,,
37.91,-88.929,,
41.3368,-88.562,,
41.295,-88.595,,
41.33,-88.55,,
41.3368,-88.562,,
42.1295,-88.1577,,
40.34057,-87.47077,,
38.4763,-89.54485,,
40.316,-90.459,,
39.853,-89.5,,
42.21,-89.85,,
42.1846,-89.022,,
39.781,-88.867,,
38.946,-89.582,,
39.06,-89.98351,,
40.9452,-90.9009,,
41.55965,-90.40675,,
39.607,-90.64,,
37.289,-88.9963,,
38.567,-89.341,,
38.72226,-89.80125,,
39.26776,-89.48787,,
38.9951,-90.1451,,
41.16124,-87.58124,,
41.2285,-89.3211,,
40.19732,-88.724,,
39.93521,-89.88871,,
40.82944,-89.73378,,
39.57463,-90.24173,,
38.7774,-90.012,,
39.6548,-90.18651,,
39.53747,-90.17564,,
39.7721,-89.4691,,
40.5658,-90.0055,,
39.5075,-89.3469,,
40.62288,-89.99328,,
41.84136,-87.83285,,
39.5075,-89.3469,,
41.33018,-88.53889,,
41.29663,-88.60814,,
37.60075,-88.38197,,
39.02341,-90.40184,,
41.7584,-90.0795,,
41.42396,-88.71103,,
40.14471,-89.41959,,
39.8213,-88.1676,,
41.4209,-88.706,,
38.71682,-87.68468,,
40.59904,-89.88347,,
40.98073,-90.18332,,
42.18476,-88.29926,,
41.61575,-88.4586,,
38.51689,-90.16501,,
41.42741,-88.71402,,
39.84874,-89.55229,,
38.1038,-88.99181,,
37.18404,-89.36896,,
37.71917,-89.48784,,
40.45273,-90.79664,,
41.30374,-88.95451,,
39.8732,-88.9813,,
39.37753,-90.04582,,
38.37945,-87.79079,,
41.53346,-87.75156,,
37.71917,-89.48784,,
40.67577,-89.60034,,
40.25679,-90.59952,,
40.26916,-88.1033,,
39.91682,-90.95499,,
37.68485,-89.49155,,
41.40762,-87.60593,,
39.2372,-88.61966,,
37.88755,-88.98393,,
38.354,-87.8572,,
39.30525,-90.0933,,
40.9119,-90.928,,
37.63264,-89.17177,,
41.72264,-89.80784,,
41.12409,-90.16382,,
41.9586,-87.8574,,
41.3224,-88.92,,
40.9474,-90.4429,,
39.50655,-88.70795,,
40.625,-90.3832,,
42.1838,-88.30026,,
41.34693,-88.23882,,
38.96846,-89.72024,,
41.29601,-88.60679,,
37.9308,-88.362,,
37.85126,-89.23383,,
37.4351,-89.30203,,
38.43189,-89.87113,,
40.67855,-89.49032,,
39.4383,-89.86021,,
38.33912,-89.35323,,
37.56937,-89.36241,,
39.75318,-89.56226,,
37.56937,-89.36241,,
40.06831,-90.15218,,
40.18,-86.1512,,
41.3382,-85.7037,,
41.062,-86.5945,,
39.3579,-85.61,,
39.365,-85.8486,,
40.0403,-86.1084,,
39.4862,-86.161,,
39.38,-86.11,,
38.01,-87.3203,,
39.8679,-87.23335,,
39.01166,-86.57665,,
39.32117,-86.46065,,
38.12318,-86.64338,,
39.17295,-84.971,,
38.6899,-86.25349,,
40.54919,-85.69739,,
40.8179,-85.3532,,
39.45697,-85.5481,,
39.2065,-86.22125,,
37.83837,-87.13843,,
38.63472,-86.79333,,
39.24841,-86.33011,,
37.81005,-94.72448,,
39.1489,-96.9614,,
37.0504,-95.0802,,
38.6234,-94.6837,,
39.1463,-96.8223,,
37.52947,-97.60829,,
37.64103,-97.40294,,
39.33292,-95.84024,,
37.192,-95.7455,,
38.9142,-95.2577,,
37.0581,-97.3374,,
38.3908,-95.6491,,
39.072,-95.747,,
38.62563,-96.44296,,
39.7273,-97.34005,,
37.56279,-98.42924,,
39.2305,-95.44415,,
37.3444,-97.1953,,
37.40504,-97.4572,,
38.19744,-97.41755,,
39.1062,-99.26195,,
39.8595,-94.54,,
39.30595,-98.2833,,
38.53062,-89.89167,,
39.4045,-94.91451,,
37.56215,-97.85428,,
36.8207,-88.41175,,
37.7764,-83.67952,,
37.3181,-84.92358,,
37.95708,-84.97527,,
38.53187,-82.7989,,
37.94235,-82.88309,,
37.77591,-82.74628,,
36.9372,-88.9949,,
36.7999,-83.66641,,
37.34029,-87.89844,,
37.53705,-84.2552,,
37.89508,-84.1989,,
38.45795,-83.9311,,
38.44148,-85.0016,,
36.89478,-87.02245,,
37.05575,-86.98705,,
38.51465,-83.83695,,
38.63454,-83.80266,,
37.57039,-84.28714,,
37.37814,-83.25562,,
37.26532,-82.69576,,
38.42968,-82.64877,,
37.83777,-82.43635,,
36.66257,-84.33998,,
38.56277,-83.32354,,
38.02825,-82.83425,,
37.82708,-83.81139,,
38.528,-84.588,,
36.9265,-83.0452,,
38.02653,-82.83278,,
37.75972,-87.96917,,
36.82806,-88.15556,,
36.75139,-87.89472,,
37.0787,-83.95846,,
37.06226,-83.9769,,
37.29395,-87.52757,,
37.6095,-87.344,,
36.67311,-83.85683,,
37.49582,-83.89224,,
38.05703,-83.46259,,
38.90649,-84.67017,,
37.75745,-84.10435,,
36.68937,-86.45915,,
37.81144,-83.08006,,
37.64966,-87.01657,,
37.55156,-84.50035,,
37.42701,-82.48093,,
38.12912,-84.94009,,
37.47975,-82.5183,,
38.1078,-82.73412,,
37.96027,-86.11702,,
39.08002,-84.79574,,
37.97699,-84.90234,,
36.8216,-87.93167,,
38.06181,-82.69125,,
38.2592,-83.41507,,
36.83193,-83.42429,,
37.00633,-83.56467,,
37.65522,-86.93743,,
38.31738,-82.51773,,
37.51867,-86.05289,,
37.32355,-84.26856,,
30.1878,-90.8493,,
32.7817,-93.9467,,
31.6825,-92.3104,,
31.3799,-92.37835,,
31.1375,-92.4976,,
31.3058,-92.4054,,
32.8057,-92.40895,,
31.1458,-93.2512,,
31.6825,-92.3104,,
31.4871,-92.3309,,
31.6498,-93.0887,,
31.4676,-92.2508,,
31.3904,-92.3495,,
30.49905,-91.01565,,
31.14195,-93.2952,,
30.2576,-92.6221,,
31.5831,-93.50845,,
32.0199,-92.914,,
32.895,-93.45,,
32.0131,-91.14448,,
31.40304,-92.46844,,
30.74715,-91.76733,,
29.5385,-90.593,,
31.60641,-93.4991,,
42.6688,-71.9023,,
42.01496,-71.58914,,
41.74419,-70.95906,,
42.09091,-71.42092,,
42.7396,-73.21289,,
39.08414,-76.82731,,
39.67183,-76.34047,,
44.34113,-70.61507,,
43.74,-84.58583,,
43.26806,-82.53083,,
43.59611,-84.42722,,
46.61183,-87.73236,,
43.79834,-84.2114,,
42.30472,-83.60472,,
43.5975,-84.66833,,
42.39472,-85.60028,,
43.235,-85.34194,,
44.4355,-84.7602,,
42.86361,-86.16861,,
43.41444,-83.18583,,
43.94111,-83.27139,,
46.47182,-87.42407,,
41.93,-84.35389,,
43.92736,-83.92834,,
42.40611,-83.58,,
44.51436,-85.82096,,
42.323,-85.05965,,
44.36434,-84.05358,,
41.9773,-84.7802,,
44.29188,-84.72922,,
46.5244,-88.16701,,
46.01398,-87.98718,,
46.09045,-87.48289,,
45.91515,-84.87524,,
45.9642,-87.3289,,
42.3125,-84.7378,,
46.34575,-85.95865,,
46.56725,-85.589,,
44.41835,-84.40335,,
43.21,-85.41,,
46.3126,-86.5228,,
42.68505,-84.04025,,
44.7,-84.71,,
46.56913,-88.28403,,
46.18968,-85.97613,,
45.964,-86.1437,,
44.62845,-85.86292,,
45.1475,-84.425,,
44.76,-84.12485,,
44.565,-83.845,,
44.17335,-84.6,,
44.5256,-84.06493,,
43.87,-84.355,,
43.45135,-85.12935,,
43.1095,-84.9825,,
44.94835,-84.165,,
44.59665,-84.0415,,
46.37165,-84.91665,,
44.76665,-85.00165,,
45.35665,-84.605,,
42.068,-84.22701,,
45.40985,-83.85985,,
44.525,-85.075,,
45.87165,-87.02158,,
44.22671,-86.10172,,
45,-85,,
46.60424,-87.46171,,
46.19183,-86.21193,,
41.871,-84.2995,,
43.674,-86.4565,,
45.351,-83.4885,,
44.1305,-85.2165,,
44.0559,-85.92196,,
42.225,-85.6885,,
44.2725,-83.89001,,
44.38367,-86.19037,,
44.50587,-85.51546,,
46.3018,-89.91997,,
43.38621,-84.88741,,
43.39116,-82.53918,,
43.80075,-92.36145,,
47.27147,-93.02428,,
43.80075,-92.36145,,
47.5754,-92.53,,
45.1836,-93.06226,,
46.50385,-95.11484,,
47.43842,-94.98708,,
47.52522,-93.25262,,
47.5,-93,,
47.4284,-92.01759,,
45.8,-94.27725,,
47.83334,-92.92708,,
46.92417,-92.83774,,
47.87965,-91.97748,,
47.49753,-93.61481,,
37.8597,-91.432,,
38.04414,-92.97639,,
39.8397,-91.6533,,
36.6,-91.2,,
39.29007,-91.09014,,
39.3735,-91.093,,
37.82861,-92.20055,,
38.0944,-93.5577,,
37.9939,-93.8794,,
37.8602,-90.0329,,
38.039,-90.7517,,
38.655,-90.675,,
37.07354,-93.13545,,
37.11433,-93.71506,,
38.81124,-92.59781,,
37.714,-92.173,,
36.615,-92.425,,
37.0968,-93.4303,,
38.3085,-92.8254,,
38.28,-91.6253,,
39.7557,-92.9282,,
38.305,-92.411,,
37.3317,-93.614,,
36.8133,-93.8232,,
38.62,-91.96238,,
38.69428,-90.52987,,
37.117,-93.894,,
36.66708,-90.9525,,
36.67065,-93.65774,,
36.00565,-89.67815,,
38.22635,-90.39488,,
39.859,-94.856,,
37.286,-89.6075,,
36.94109,-92.7622,,
37.664,-93.684,,
37.236,-89.55949,,
37.87153,-93.82087,,
38.73802,-90.53249,,
36.97061,-92.09264,,
37.79465,-90.79886,,
36.06055,-89.98725,,
38.2081,-91.16042,,
38.9099,-92.36771,,
36.87593,-89.86899,,
37.03575,-94.52888,,
38.21285,-90.66216,,
36.51627,-94.60989,,
38.56724,-92.07335,,
36.8109,-92.3046,,
39.04035,-94.16049,,
37.85524,-94.11218,,
37.84203,-94.6028,,
37.39315,-91.3012,,
37.40025,-90.23058,,
37.02496,-92.11988,,
36.39835,-93.14626,,
38.5229,-94.19245,,
39.30745,-94.59565,,
38.5992,-94.1057,,
36.66887,-93.29459,,
40.39956,-94.02478,,
38.437,-92.408,,
39.60238,-94.40015,,
37.30427,-90.83465,,
38.99353,-94.22043,,
36.469,-91.154,,
38.93704,-92.32704,,
39.502,-94.29428,,
37.422,-91.578,,
39.2475,-94.271,,
37.718,-90.177,,
37.7925,-92.05,,
39.3875,-94.43649,,
39.1175,-93.4025,,
38.203,-90.5545,,
38.485,-92.225,,
38.397,-94.332,,
38.3905,-94.352,,
36.9897,-89.25555,,
38.46156,-94.14297,,
37.5515,-93.285,,
37.46392,-92.52242,,
37.0505,-90.277,,
31.1603,-90.71574,,
33.10925,-89.59135,,
30.2464,-89.6111,,
32.3372,-88.74805,,
33.50025,-88.40335,,
34.31605,-89.845,,
32.2714,-88.7496,,
30.97675,-89.0338,,
33.56555,-90.8022,,
31.39275,-91.08505,,
32.1806,-88.864,,
34.60905,-88.19894,,
32.036,-88.77015,,
32.036,-88.77015,,
32.40191,-90.19371,,
45.22417,-111.125,,
48.36139,-113.1236,,
47.04333,-112.7031,,
46.76472,-111.8861,,
46.97694,-113.8381,,
46.01833,-110.3308,,
47.70667,-104.1922,,
45.66722,-110.8069,,
46.83285,-112.702,,
47.12806,-111.9094,,
47.62167,-115.3903,,
47.06032,-114.0717,,
46.02962,-113.1198,,
45.0262,-106.8331,,
45.82285,-114.0125,,
45.9754,-112.4554,,
47.66724,-108.6873,,
46.76389,-110.7781,,
45.3705,-112.9707,,
47.98521,-113.9818,,
47.25335,-114.45,,
47.43904,-115.6545,,
34.6894,-77.2914,,
35.33975,-82.443,,
35.2483,-83.28265,,
36.3715,-76.29115,,
35.2256,-80.26915,,
36.09945,-80.7704,,
35.5311,-78.4048,,
35.18637,-78.63611,,
36.21335,-78.09365,,
35.91965,-80.6282,,
36.31625,-79.03025,,
35.4449,-80.0616,,
34.53784,-77.50434,,
35.6267,-81.5917,,
35.998,-76.946,,
35.451,-82.287,,
35.618,-82.321,,
35.30773,-79.75644,,
35.75,-80.375,,
34.40434,-77.23759,,
36.0089,-77.90525,,
36.31126,-81.30889,,
35.88561,-81.92929,,
35.18083,-79.21278,,
35.85107,-82.05008,,
35.75278,-82.22121,,
34.50917,-77.53445,,
35.41939,-82.56715,,
35.94647,-81.03185,,
34.78052,-77.85507,,
34.5287,-79.26708,,
35.1685,-82.488,,
35.33783,-83.52992,,
35.24749,-79.97967,,
36.0055,-81.08335,,
35.53467,-83.17152,,
36.13009,-79.1514,,
48.25422,-101.3166,,
47.72964,-102.701,,
47.71188,-101.8886,,
40.1399,-96.7432,,
42.76609,-97.97573,,
40.84792,-96.6824,,
41.134,-95.88,,
41.238,-95.92,,
41.55099,-98.22576,,
42.87331,-100.5501,,
42.5893,-103.398,,
43.41549,-72.33093,,
40.478,-74.4611,,
40.7446,-74.6215,,
40.8959,-74.2918,,
41.08335,-74.321,,
40.16465,-74.68135,,
40.9934,-74.3249,,
39.7962,-74.3749,,
39.60835,-74.43445,,
40.16471,-3706646,,
41.14652,-74.59959,,
40.8192,-74.85561,,
40.18478,-74.72261,,
41.01941,-74.57013,,
41.13498,-74.80315,,
39.70852,-75.38251,,
41.16033,-74.86777,,
39.98216,-74.36187,,
39.7784,-74.54086,,
40.45815,-74.77675,,
40.18113,-74.09944,,
33.27735,-105.7395,,
36.126,-108.87,,
35.98475,-106.8803,,
33.15405,-105.7947,,
35.63736,-108.8676,,
36.9934,-104.4801,,
36.72065,-107.3956,,
36.7474,-107.6021,,
36.39135,-109.0612,,
36.81315,-108.7608,,
35.58565,-107.9978,,
36.08089,-108.892,,
36.65339,-105.9678,,
35.37201,-108.2034,,
36.0605,-108.84,,
35.52162,-105.2526,,
33.82819,-106.9285,,
39.29056,-119.6564,,
39.679,-119.6665,,
39.00056,-119.8458,,
37.8583,-118.325,,
42.32724,-76.75318,,
42.6153,-77.4028,,
42.36176,-75.0116,,
42.1174,-75.64853,,
44.26646,-74.14589,,
43.34806,-78.23962,,
42.09785,-77.93121,,
41.5036,-73.7171,,
42.32921,-75.3811,,
43.19501,-78.54224,,
42.15947,-78.82683,,
42.28045,-77.60525,,
42.56379,-74.8865,,
43.22649,-78.3253,,
41.94512,-73.87915,,
43.27314,-76.89331,,
41.29873,-73.73717,,
41.87219,-73.55858,,
43.46181,-74.23166,,
43.55915,-73.34116,,
42.06832,-78.7492,,
41.26455,-74.1468,,
44.22388,-73.87529,,
43.56058,-73.40212,,
42.33473,-77.29253,,
42.13954,-77.15908,,
44.48551,-73.52519,,
40.98596,-81.11642,,
39.88653,-81.27132,,
39.58157,-82.36887,,
40.24354,-84.18491,,
40.15002,-83.02854,,
41.72134,-80.88494,,
40.36957,-80.77387,,
39.92104,-83.95184,,
39.85461,-83.94906,,
39.86096,-83.96562,,
39.89216,-83.96123,,
40.77789,-81.25768,,
39.78594,-82.29162,,
40.70386,-80.58332,,
40.74065,-81.35575,,
41.2625,-84.38103,,
40.27488,-81.51749,,
39.40877,-81.73172,,
41.39803,-81.33974,,
40.4764,-82.80257,,
41.47349,-81.3726,,
38.73687,-83.39134,,
40.73412,-84.06565,,
40.82327,-82.32803,,
40.59935,-82.23988,,
41.30265,-81.30896,,
38.79833,-82.54968,,
38.79381,-82.55177,,
39.39935,-82.52238,,
39.46019,-81.54855,,
38.83859,-83.28128,,
41.81835,-80.93665,,
39.45789,-82.24257,,
40.76533,-80.55217,,
40.6807,-80.57164,,
39.28537,-81.85331,,
40.67979,-81.51075,,
39.74961,-84.09158,,
41.34728,-84.54476,,
39.89203,-83.00142,,
40.17699,-81.63656,,
39.37509,-84.79429,,
39.37215,-84.80138,,
41.7164,-81.1438,,
40.6445,-83.6118,,
41.5325,-81.1351,,
41.81902,-80.58163,,
40.39103,-80.6937,,
40.2831,-80.78826,,
40.00915,-82.67252,,
41.1174,-80.9835,,
39.17257,-83.26393,,
39.70042,-84.62567,,
40.61236,-82.48699,,
38.83628,-83.12873,,
40.74451,-81.0758,,
41.36755,-80.76735,,
39.38745,-81.67339,,
40.75872,-81.19895,,
38.79215,-82.93085,,
41.23638,-81.62379,,
40.04792,-83.5556,,
40.60787,-82.26236,,
39.10611,-83.0363,,
38.74899,-82.97854,,
39.64193,-82.1013,,
41.03,-82.0101,,
40.68935,-80.57593,,
39.90416,-81.98721,,
39.49695,-84.45905,,
40.77972,-80.64831,,
40.85035,-82.29486,,
39.3731,-81.65929,,
39.49265,-83.11422,,
39.54739,-81.39101,,
41.13356,-81.17155,,
40.92276,-82.44401,,
41.10765,-81.4311,,
40.80725,-84.21719,,
39.89172,-84.14493,,
39.4484,-82.2244,,
39.20212,-83.13585,,
39.74107,-82.70263,,
38.54852,-82.66616,,
41.06648,-81.96419,,
39.17029,-82.47604,,
39.14299,-82.41166,,
40.08946,-81.69818,,
40.05998,-82.28814,,
39.48219,-82.32669,,
40.7343,-81.15622,,
40.6559,-83.9374,,
40.54605,-81.26217,,
41.02572,-81.77677,,
41.06019,-81.79669,,
40.42591,-80.6616,,
41.44442,-81.20629,,
40.46339,-82.82576,,
41.42579,-80.89096,,
40.1218,-81.5117,,
39.92781,-81.61014,,
40.5896,-82.82214,,
39.96627,-83.51394,,
41.12012,-81.81317,,
41.57231,-81.22075,,
40.26494,-83.0556,,
40.50945,-82.87663,,
38.60551,-82.71107,,
40.71737,-81.18352,,
40.08159,-83.0337,,
41.29621,-81.5745,,
41.05304,-80.51186,,
40.10801,-81.56232,,
41.2584,-81.56255,,
38.81772,-83.80582,,
39.63662,-84.36874,,
41.09087,-80.77592,,
40.36831,-81.32809,,
40.95818,-80.97507,,
41.15384,-81.1124,,
38.9264,-82.14285,,
40.47672,-81.39331,,
41.81287,-80.95952,,
41.23739,-81.60576,,
40.28488,-81.58699,,
40.63606,-80.53528,,
40.04342,-84.04518,,
40.30824,-81.24778,,
40.61286,-82.17295,,
40.40192,-81.08803,,
41.5621,-81.22853,,
40.61286,-82.17295,,
40.10348,-81.50933,,
40.79438,-81.31219,,
40.01983,-81.07013,,
39.13595,-84.17227,,
40.01784,-80.93318,,
40.29771,-80.75612,,
41.40985,-82.11172,,
40.40611,-81.13733,,
40.92344,-80.84042,,
38.965,-82.905,,
41.29247,-83.05098,,
40.94825,-80.69776,,
39.0895,-82.8342,,
38.99484,-84.10731,,
40.30527,-80.93864,,
39.6279,-82.83647,,
39.59607,-82.35291,,
39.63255,-82.26463,,
40.8557,-82.26972,,
41.23925,-81.62295,,
40.65099,-82.33575,,
34.29861,-96.30222,,
35.70166,-95.70208,,
33.89444,-96.75361,,
35.74111,-97.479,,
34.39639,-95.01167,,
Class A,2000-07-01T12:00:00Z,34.44333,-94.65639
34.9575,-98.31556,,
34.61361,-94.84861,,
34.78833,-94.70667,,
34.495,-96.972,,
35.92806,-94.83,,
36.02306,-97.1225,,
35.50556,-98.575,,
34.86111,-96.66528,,
35.10278,-98.34056,,
35.64389,-97.45694,,
35.97389,-97.03333,,
34.59583,-94.55944,,
36.91528,-95.80417,,
35.86972,-96.968,,
35.27056,-95.97,,
35.33389,-98.13028,,
34.11306,-95.62278,,
35.26808,-96.60222,,
36.18889,-95.74556,,
35.27639,-97.33528,,
35.42014,-97.21555,,
34.689,-94.7325,,
35.7575,-95.60667,,
34.92333,-95.26167,,
35.24194,-97.5625,,
35.3011,-99.1702,,
33.82444,-97.07361,,
34.62944,-98.62833,,
34.81417,-95.65417,,
35.68583,-97.00389,,
35.36895,-95.97023,,
34.25,-96.21,,
34.36778,-94.68028,,
35.2933,-95.94727,,
36.62116,-96.12164,,
36.03501,-96.36707,,
34.21174,-96.63857,,
34.76134,-98.61497,,
36.4168,-94.78227,,
36.13222,-95.79677,,
34.4082,-94.38045,,
35.0271,-94.66875,,
34.38638,-98.99414,,
36.94679,-94.71512,,
35.325,-95.0585,,
34.021,-94.4435,,
35.53925,-97.67827,,
45.65125,-121.9123,,
45.63606,-123.3471,,
45.63893,-122.8889,,
45.06215,-123.7027,,
44.55505,-123.3604,,
45.4237,-122.3876,,
44.27795,-121.9524,,
45.5891,-123.5469,,
45.3233,-118.2742,,
45.59669,-123.3768,,
45.12545,-122.533,,
45.84175,-117.991,,
40.1,-124.2,,
45.99215,-118.0811,,
44.39104,-118.9491,,
45.5,-118.42,,
42.82,-124.53,,
45.48204,-122.9903,,
45.75449,-123.866,,
44.8633,-122.6397,,
42.07,-124.3,,
42.08,-124.3,,
45.3725,-121.5835,,
43.225,-123.175,,
43.54165,-123.875,,
45.33175,-121.9139,,
45.55364,-122.1884,,
42.375,-123.3833,,
45.3894,-122.4163,,
42.39031,-123.449,,
44.23861,-122.0505,,
44.58335,-123.4166,,
45.63923,-121.8735,,
45.46571,-118.875,,
44.19167,-123.975,,
44.42565,-121.726,,
45.9957,-118.1253,,
44.2157,-121.4755,,
43.5705,-121.8955,,
43.6165,-122.1,,
45.0608,-123.694,,
44.825,-118.415,,
45.0837,-122.4888,,
45.5145,-122.3352,,
42.8673,-122.1629,,
43.3029,-123.1611,,
42.24165,-123.6416,,
43.2547,-124.0598,,
42.6,-122.475,,
45.274,-121.6796,,
43.3622,-122.1814,,
43.08929,-122.0802,,
43.5251,-123.311,,
44.9723,-118.3692,,
44.8464,-121.1537,,
45.0018,-117.2022,,
45.5789,-118.6016,,
46.19945,-123.9513,,
43.9311,-124.1214,,
42.1533,-123.5381,,
46.2262,-124.0133,,
44.7679,-122.095,,
44.56625,-121.6384,,
42.354,-123.4034,,
43.31815,-122.1954,,
45.33,-121.9165,,
45.145,-123.972,,
42.28445,-124.2148,,
44.915,-122.585,,
45.6605,-118.5654,,
43.2073,-123.5585,,
42.02106,-123.2725,,
45.06881,-123.6956,,
45.31061,-121.8388,,
45.0295,-121.9584,,
44.95023,-122.2347,,
42.16024,-123.6216,,
45.8417,-121.7084,,
44.40946,-122.1322,,
43.48257,-121.9104,,
43,-124.43,,
45.43806,-118.0883,,
45.85606,-123.1691,,
45.54478,-121.5449,,
45.46429,-123.0697,,
42.12363,-122.339,,
41.7655,-77.8768,,
41.9548,-78.65621,,
40.05148,-79.56702,,
40.97015,-78.42314,,
40.357,-79.8765,,
41.91826,-80.54177,,
41.4065,-76.804,,
39.76366,-77.27178,,
40.5833,-79.9167,,
41.01865,-78.377,,
40.5258,-79.6575,,
40.6166,-80.0107,,
40.5278,-79.7668,,
40.36382,-78.87788,,
40.4225,-75.06665,,
40.52825,-80.25475,,
40.37726,-75.37814,,
40.32247,-79.16817,,
41.115,-75.205,,
41.12782,-78.5826,,
41.97226,-78.66863,,
40.29074,-78.85725,,
41.02176,-74.53322,,
40.1316,-74.85745,,
41.21365,-80.26563,,
41.05,-80.50751,,
41.51954,-78.87955,,
40.8495,-75.327,,
41.94126,-77.62891,,
40.45896,-78.80971,,
41.45,-71.5,,
41.432,-71.65183,,
41.98067,-71.6568,,
36.86345,-79.65835,,
34.59,-80.3891,,
33.72,-78.9211,,
32.98597,-81.61264,,
34.65375,-83.11639,,
33.007,-80.156,,
34.374,-80.074,,
34.52414,-82.38998,,
33.096,-80.316,,
33.245,-81.359,,
34.08725,-79.1246,,
34.53654,-81.70052,,
34.45025,-82.56786,,
34.9533,-81.56005,,
33.0932,-79.8102,,
32.37152,-80.44109,,
43.35851,-102.3971,,
43.4471,-101.7312,,
43.89875,-103.4966,,
43.37663,-99.1903,,
35.2597,-84.28315,,
35.537,-89.63499,,
35.11417,-86.465,,
36.09583,-89.48666,,
35.20416,-87.19556,,
35.94,-87.25375,,
35.1013,-84.3046,,
35.988,-86.5101,,
35.5559,-84.0475,,
36.12318,-87.38542,,
35.18597,-84.48414,,
35.3538,-84.0458,,
35.6753,-86.7074,,
35.68449,-83.53575,,
35.10615,-86.46987,,
36.1124,-87.4769,,
35.4745,-83.3032,,
36.26451,-89.25397,,
36.30155,-86.60155,,
36.5802,-86.5104,,
36.19746,-84.66167,,
36.25466,-86.15759,,
35.5506,-4319942,,
35.97231,-84.88466,,
35.30146,-85.07263,,
36.15588,-82.38587,,
36.3065,-84.34,,
36.16488,-89.03873,,
36.02328,-89.17284,,
35.22149,-87.39061,,
32.7,-98.03333,,
36,-100.5,,
32.13972,-95.32,,
31.30853,-94.76362,,
32.15,-97.5,,
32.7943,-95.5425,,
30.75,-95.37666,,
30.61667,-95.52722,,
32.58125,-94.86958,,
33.29083,-97.8375,,
31.90791,-95.01264,,
33.48028,-97.04361,,
32.68,-94.3,,
31.35833,-95.48833,,
31.11611,-98.055,,
30.23333,-95.60834,,
31.27278,-102.6922,,
30.73861,-94.89778,,
33.67056,-95.06667,,
33.64555,-95.16028,,
31.91708,-94.63458,,
33.16972,-99.18778,,
30.52361,-95.58334,,
33.48,-95.76861,,
32.57306,-95.80556,,
32.27444,-94.965,,
30.77722,-103.7439,,
33.13333,-98.35,,
33.845,-95.19722,,
32.68945,-94.59222,,
33.46333,-95.8775,,
32.17194,-97.54944,,
32.35306,-94.90528,,
30.775,-94.41528,,
33.26222,-95.82056,,
32.94722,-96.10222,,
32.04361,-94.37444,,
31.06278,-102.3881,,
33.19944,-96.00306,,
32.33528,-94.7375,,
33.69,-96.84806,,
33.82083,-95.83639,,
31.45417,-100.4161,,
33.61666,-95.90694,,
33.71472,-96.78917,,
33.28333,-94.35722,,
32.8,-94.16666,,
33.66666,-95.27361,,
32.62194,-94.2,,
32.62389,-94.52,,
32.58333,-94.15,,
32.69028,-95.61056,,
30.26667,-94.85,,
30.38667,-98.08611,,
32.05806,-94.2,,
30.26861,-94.79333,,
30.10305,-94.82,,
30.08333,-94.86667,,
32.51667,-94.9,,
33.07639,-94.25694,,
29.88528,-94.83334,,
30.475,-95.09167,,
29.17805,-96.29222,,
29.38333,-96.25,,
29.02611,-96.71,,
32.24083,-101.3903,,
30.72028,-93.61667,,
32.18333,-95.21667,,
32.78611,-97.83334,,
30.41667,-94.86667,,
32.01667,-94.68333,,
33.03333,-94.72334,,
32.16139,-95.6,,
32.01083,-94.14306,,
30.01667,-94.85,,
28.97944,-96.01666,,
30.6,-95.63,,
30.40833,-95.00833,,
30.41667,-93.94,,
30.63333,-95.3,,
30.31667,-95.32,,
32.04417,-98.09234,,
30.71139,-94.70139,,
33.09625,-94.32139,,
30.3343,-95.28653,,
33.77528,-97.05903,,
31.0232,-94.47903,,
30.83315,-93.972,,
30.8,-93.7,,
32.8269,-98.3298,,
31.6212,-95.6669,,
32.85232,-95.46671,,
33.36867,-95.23958,,
31.1683,-95.59745,,
30.12615,-93.8117,,
34.93243,-101.667,,
29.56835,-98.68465,,
31.82347,-95.37101,,
30.302,-95.10654,,
31.2371,-94.45095,,
31.93425,-96.12524,,
30.43703,-95.12381,,
32.375,-96.63,,
32.36,-96.66,,
30.31363,-95.17966,,
32.19202,-95.35257,,
32.675,-97.61,,
32.675,-97.61,,
32.24271,-95.12872,,
29.32862,-97.77225,,
29.52533,-98.15854,,
33.445,-96.05,,
33.675,-98.225,,
30.40335,-97.2836,,
33.275,-98.325,,
35.93985,-100.6767,,
31.55668,-95.38226,,
32.31565,-95.48672,,
31.86794,-94.95061,,
30.51559,-97.67403,,
33.211,-94.0765,,
30.19144,-94.32404,,
34.03789,-94.32321,,
31.1659,-94.1679,,
32.64,-97.84,,
32.66908,-98.03284,,
33.01,-94.44,,
30.77532,-97.93719,,
37.8058,-111.3481,,
40.3857,-111.6992,,
40.028,-110.9315,,
41.5,-111.75,,
40.5,-109.9,,
38.225,-112.35,,
41.43135,-111.4988,,
38,-112.5,,
40.0445,-111.5447,,
41.5343,-111.5281,,
40.92128,-111.0837,,
40.86765,-109.5143,,
37.182,-113.7382,,
41.7086,-112.0179,,
41.96181,-111.5333,,
40.91689,-111.8038,,
40.29942,-111.2586,,
38.52019,-77.36115,,
38.05408,-79.77946,,
37.29854,-80.82856,,
38.36911,-78.53718,,
37.02759,-80.38748,,
37.22647,-81.09017,,
37.2423,-80.13276,,
37.72693,-76.6658,,
38.02516,-77.97089,,
36.63931,-78.55758,,
37.585,-79.052,,
37.06266,-79.82829,,
37.44378,-77.6257,,
36.74465,-80.98215,,
37.54,-79.57,,
37.3557,-80.5378,,
38.741,-77.23238,,
36.745,-80.48,,
38.73048,-78.33453,,
37.047,-77.90815,,
38.9766,-78.6205,,
38.48342,-77.34673,,
36.5587,-79.36079,,
39.14588,-77.67422,,
36.62492,-81.48593,,
37.248,-77.354,,
38.98773,-78.20517,,
38.90323,-78.48832,,
37.38661,-79.55045,,
35.8525,-80.6585,,
36.9846,-80.3755,,
37.0048,-81.11751,,
37.29734,-79.85085,,
37.33226,-76.70926,,
38.61792,-77.52767,,
37.12985,-76.82308,,
36.84531,-81.39125,,
43.4654,-72.7051,,
46.05333,-122.6228,,
47.3178,-121.2802,,
47.0274,-122.3003,,
46.295,-121.5478,,
48.65528,-117.7619,,
48.1609,-124.7312,,
45.8581,-122.4089,,
46.37944,-117.9458,,
46.48917,-117.9592,,
46.1903,-123.1175,,
47.7079,-122.9179,,
46.9782,-123.3893,,
47.425,-121.4142,,
47.33694,-123.5894,,
47.2475,-123.8886,,
45.81611,-121.5708,,
47.8925,-122.0111,,
46.7818,-123.8793,,
47.9261,-123.3769,,
48.78389,-117.8106,,
47.41306,-123.8792,,
47.0033,-123.4822,,
47.2831,-121.9258,,
47.29944,-122.1806,,
47.1826,-121.7713,,
47.5279,-122.3454,,
47.7613,-122.7063,,
45.75806,-121.2303,,
47.1305,-123.0966,,
48.0985,-123.3261,,
48.0028,-121.9572,,
47.27667,-122.8858,,
48.75528,-117.4214,,
48.74111,-117.4161,,
48.65083,-117.3347,,
46.94913,-122.6869,,
47.01278,-121.4642,,
47.3704,-122.782,,
46.94917,-122.6869,,
46.71833,-122.1767,,
47.01278,-121.4642,,
48.36861,-122.2778,,
45.66194,-122.0144,,
46.385,-122.1379,,
46.27583,-122.2083,,
46.15194,-122.1572,,
45.62778,-122.0194,,
45.74639,-122.2375,,
48.2475,-121.9425,,
48.11556,-122.0958,,
48.1472,-121.3819,,
47.9817,-122.0447,,
47.7853,-121.6647,,
46.803,-122.4133,,
46.985,-122.7669,,
46.9974,-122.1694,,
46.71444,-120.6694,,
46.97944,-121.0939,,
46.24639,-120.8681,,
45.69833,-121.7753,,
48.21167,-121.6769,,
47.93722,-123.82,,
47.1772,-122.1852,,
47.2416,-122.1833,,
48.8178,-122.1656,,
46.5672,-122.2963,,
46.55861,-122.2739,,
46.55861,-122.2739,,
46.5579,-122.2988,,
47.4549,-122.2825,,
48.1278,-121.7692,,
48.36361,-120.1211,,
46.23361,-119.3172,,
46.61583,-122.4369,,
48.2681,-121.3314,,
47.35305,-120.2955,,
46.03944,-118.0711,,
46.0675,-118.0519,,
46.9382,-122.382,,
46.9705,-123.6288,,
48.95835,-119.7084,,
45.7811,-122.5322,,
46.0722,-121.3055,,
48.5149,-121.2543,,
47.3338,-121.2309,,
46.67111,-121.5863,,
46.96515,-122.69,,
46.766,-122.1652,,
47.0466,-121.51,,
48.86,-121.6738,,
46.3261,-122.4988,,
47.6068,-121.9008,,
46.1911,-123.1875,,
46.3758,-122.5855,,
46.7002,-122.1983,,
47.0183,-121.5344,,
47.6181,-121.3114,,
46.6622,-122.9627,,
45.8083,-121.9063,,
46.3105,-122.028,,
48.53944,-121.745,,
47.288,-121.9658,,
46.5347,-122.4275,,
47.8306,-123.2135,,
47.0019,-121.6279,,
46.67389,-121.5867,,
46.6711,-121.5863,,
45.9358,-120.9855,,
48.76075,-122.2156,,
46.33425,-123.5439,,
48.83558,-117.2776,,
47.94056,-122.7919,,
46.4984,-120.4474,,
46.35639,-123.6081,,
45.8331,-122.3985,,
47.4259,-123.8763,,
46.80505,-121.0909,,
47.4028,-123.2022,,
47.8573,-121.6352,,
46.0471,-122.8294,,
46.0573,-117.9793,,
47.763,-122.5344,,
46.81045,-124.072,,
47.39,-122.2187,,
46.3105,-121.9256,,
45.8911,-122.4076,,
47.87725,-121.8943,,
47.0958,-122.2356,,
48.68985,-122.4078,,
46.05,-121.95,,
47.62769,-117.3606,,
47.485,-121.5287,,
43.74251,-121.6009,,
47.18556,-122.2917,,
48.321,-120.0745,,
47.79,-122.54,,
47.28069,-122.8833,,
46.98621,-123.8161,,
48.35552,-121.8668,,
45.74715,-122.2339,,
47.14385,-122.3055,,
47.3631,-123.9718,,
47.7393,-121.9749,,
48.19923,-120.7772,,
47.74897,-122.4966,,
48.32956,-119.187,,
46.84565,-122.3076,,
47.45411,-122.3219,,
47.01562,-122.0282,,
48.9588,-119.7085,,
48.39936,-122.645,,
46.60207,-123.3749,,
47.00625,-123.2902,,
48.31199,-120.6599,,
46.52352,-122.3045,,
46.67816,-121.5763,,
47.49865,-123.2182,,
46.98278,-123.1742,,
46.75468,-122.1183,,
47.4506,-122.3234,,
47.50319,-123.8343,,
47.75034,-122.1979,,
47.43534,-121.7666,,
46.4205,-123.8165,,
47.48176,-121.6548,,
46.85,-121.25,,
46.94102,-123.7727,,
47.13485,-121.9418,,
47.70178,-121.1859,,
46.2965,-122.3431,,
47.57576,-121.7427,,
46.84748,-122.2719,,
45.90052,-122.3898,,
48.308,-122.215,,
48.32675,-121.6962,,
47.2838,-124.2306,,
47.17295,-122.2214,,
47.12045,-121.5298,,
46.88234,-122.4331,,
46.63477,-122.7746,,
45.96112,-121.6314,,
48.08955,-123.3678,,
47.10637,-122.5958,,
48.92928,-122.2638,,
46.78571,-122.7515,,
47.94001,-124.3863,,
45.86883,-121.4813,,
48.03114,-121.6708,,
46.53686,-122.202,,
47.08824,-123.7194,,
47.05072,-122.4212,,
48.05305,-121.429,,
47.09762,-122.5368,,
48.10255,-122.2763,,
48.11308,-122.1375,,
48.00503,-122.911,,
47.78212,-122.528,,
45.63921,-121.9883,,
47.064,-122.3482,,
47.0562,-124.0556,,
48.93228,-121.9995,,
48.09853,-121.8135,,
46.77641,-121.9557,,
47.1902,-120.9783,,
47.41184,-123.3212,,
48.6254,-118.4262,,
48.57028,-119.8345,,
46.32793,-122.4349,,
48.03062,-117.5429,,
47.34805,-122.741,,
47.07405,-122.4428,,
48.93221,-118.609,,
46.43362,-121.8326,,
47.77559,-120.8206,,
47.20113,-121.0161,,
47.82243,-124.195,,
48.52395,-121.4105,,
46.47816,-121.9103,,
47.96136,-118.1611,,
48.92982,-122.2018,,
46.364,-122.5935,,
48.90147,-122.3347,,
46.20128,-122.9329,,
45.75957,-121.6267,,
47.0709,-124.166,,
47.72142,-124.3985,,
47.52877,-122.7197,,
47.97637,-117.7324,,
46.94365,-123.3173,,
47.0577,-122.4643,,
45.77766,-121.5189,,
44.8491,-88.51969,,
45.5,-91.71295,,
44.6543,-90.0411,,
45.89832,-89.6965,,
45.33418,-88.16359,,
45.78177,-90.51659,,
45.22849,-89.67523,,
45.56326,-88.7829,,
45.7743,-90.51145,,
45.5051,-89.16425,,
45.775,-90.444,,
45.1097,-92.4573,,
44.3801,-90.7221,,
45.0902,-89.9905,,
44.4049,-91.3171,,
46.10445,-91.49319,,
45.73271,-90.42001,,
45.02046,-87.73608,,
44.75668,-92.03925,,
45.64867,-88.03413,,
45.672,-90.43515,,
45.3865,-87.9604,,
45.58858,-91.59938,,
45.05855,-89.08323,,
43.0625,-89.3179,,
45.15,-87.6779,,
45.64585,-88.0896,,
45.63061,-92.12408,,
45.63092,-90.02283,,
43.26699,-88.29105,,
45.94371,-90.35122,,
39.52122,-80.37878,,
39.54114,-80.11329,,
38.87813,-79.3434,,
38.95242,-79.42547,,
38.12764,-82.59822,,
38.32548,-80.60419,,
39.21833,-81.16211,,
39.0417,-79.43762,,
40.1333,-80.68192,,
39.01972,-81.85806,,
37.6541,-80.7582,,
38.6685,-80.03149,,
37.58135,-81.29745,,
39.5392,-77.9407,,
39.6995,-79.5375,,
38.2128,-81.70641,,
38.35727,-82.59348,,
39.5226,-78.49429,,
39.03496,-79.95418,,
37.32091,-81.1271,,
37.5313,-80.01335,,
38.835,-79.3762,,
38.33109,-80.51374,,
38.835,-79.3686,,
38.8926,-79.47325,,
38.8409,-79.4016,,
37.50965,-80.64685,,
39.335,-78.94501,,
38.2383,-81.5722,,
37.7,-81.095,,
39.26188,-79.01405,,
37.7929,-80.9075,,
37.9937,-80.3616,,
37.445,-80.17,,
37.2875,-81.68124,,
39.20278,-79625,,
39.10023,-79.4593,,
38.16391,-82.28279,,
37.9208,-80.71875,,
39.1611,-80.23375,,
38.98,-80.27,,
38.1882,-80.1177,,
38.2639,-81.4625,,
38.0695,-81.08506,,
38.35806,-82.43855,,
38.12852,-80.6754,,
38.8609,-79.55928,,
38.44367,-79.1347,,
38.2845,-80.6385,,
37.34592,-81.8074,,
38.10263,-81.8075,,
44.50132,-110.0042,,
44.45584,-109.7935,,
44.49817,-109.6824,,
44.48134,-109.5113,,
46.79165,-110.4165,,
46.79165,-110.4165,,
44.58333,-110.5,,
41.25,-111.05,,
41.2,-110.5,,
42.9919,-108.9245,,
